Maturity,Df,Spread,Dt,Survival,Default,Hazard Rate
0,0.9994248230119861,0.0,0.0,1.0,0.0,0.0
1,0.9704455335485082,0.001018,1.0,0.9983062071352273,0.0016937928647726697,0.0016952289537609999
2,0.9417645335842487,0.001452,1.0,0.9951538352301058,0.00484616476989419,0.0031627165489471576
3,0.9139311852712282,0.002186,1.0,0.9889993208429924,0.011000679157007642,0.006203688567779265
4,0.887319580848143,0.0026670000000000005,1.0,0.9820952652261501,0.017904734773849906,0.007005329830563622
5,0.8607079764250578,0.0031579999999999993,1.0,0.9734714877297689,0.02652851227023112,0.008819779110925892
