Maturity,Df,Spread,Dt,Survival,Default,Hazard Rate
0,0.9994248230119861,0.0,0.0,1.0,0.0,0.0
1,0.9704455335485082,0.0013789999999999998,1.0,0.9977069368900476,0.0022930631099523646,0.00229569620517127
2,0.9417645335842487,0.001814,1.0,0.9939565086090968,0.006043491390903211,0.0037661309920117587
3,0.9139311852712282,0.00237,1.0,0.9881225951156826,0.011877404884317433,0.005886677609699716
4,0.887319580848143,0.0029559999999999994,1.0,0.9802034072633097,0.01979659273669032,0.008046665615959262
5,0.8607079764250578,0.003571,1.0,0.9700509746592205,0.029949025340779478,0.010411487247559525
